date,lake,ramp,estimated_safe_light,status
03/21/2026,Council Grove City Lake,cgcl_ramp,7:00AM,scheduled
04/19/2026,Glen Elder,glen_elder,TBD,scheduled
05/16/2026,Milford Lake,milford_south_ramp,6:00AM,scheduled
05/30/2026,Melvern Lake,melver_west,6:00AM,scheduled
06/27/2026,Wilson Lake,hell_creek,TBD,scheduled
07/18/2026,Milford Lake,milford_south_ramp,TBD,scheduled
08/22/2026,Wilson Lake,hell_creek,TBD,scheduled
09/19/2026,Perry Lake,perry_state,TBD,scheduled
10/03/2026,Championship TBD,TBD,TBD,scheduled
